model,condition,profile,task,run,idx,after_actions,total_actions,loc,msg,auto_objects,auto_progress,auto_environment,auto_intent,auto_confirming,auto_verb,auto_robot_action,auto_error,manual_code
claude45,baseline,blind,L10,1,0,0,2,7,Moving fruits to the green plate and bottles to the blue plate,1,0,0,0,0,1,1,0,
claude45,baseline,blind,L10,2,0,0,2,3,Moving all fruits to the green plate and bottles to the blue plate,1,0,0,0,0,1,1,0,
claude45,baseline,blind,L10,3,0,0,2,3,Moving the lemon to the green plate and the bottle to the blue plate,1,0,0,0,0,1,1,0,
claude45,baseline,blind,L10,4,0,0,2,7,Moving all fruits to the green plate and bottles to the blue plate,1,0,0,0,0,1,1,0,
claude45,baseline,blind,L10,5,0,0,2,7,Moving all fruits to the green plate and bottles to the blue plate,1,0,0,0,0,1,1,0,
claude45,baseline,blind,L1,1,0,0,4,9,Putting the milk in the milk bin,1,0,0,0,0,0,1,0,
claude45,baseline,blind,L1,1,1,1,4,9,Putting the bread in the bread bin,1,0,0,0,0,0,1,0,
claude45,baseline,blind,L1,1,2,2,4,9,Putting the cereal in the cereal bin,1,0,0,0,0,0,1,0,
claude45,baseline,blind,L1,1,3,3,4,9,Putting the can in the can bin,1,0,0,0,0,0,1,0,
claude45,baseline,blind,L1,1,4,4,4,9,Done! All objects are now in their matching bins,0,1,0,0,0,0,0,0,
claude45,baseline,blind,L1,2,0,0,4,10,Ok - putting every object in its matching bin,0,0,0,0,0,0,1,0,
claude45,baseline,blind,L1,2,1,1,4,10,Placed the milk in the milk bin,1,0,0,0,0,1,0,0,
claude45,baseline,blind,L1,2,2,2,4,10,Placed the bread in the bread bin,1,0,0,0,0,1,0,0,
claude45,baseline,blind,L1,2,3,3,4,10,Placed the cereal in the cereal bin,1,0,0,0,0,1,0,0,
claude45,baseline,blind,L1,2,4,4,4,10,Placed the can in the can bin,1,0,0,0,0,1,0,0,
claude45,baseline,blind,L1,2,5,4,4,10,All done - every object is now in its matching bin,0,1,0,0,0,0,0,0,
claude45,baseline,blind,L1,3,0,0,4,10,Ok - putting every object in its matching bin,0,0,0,0,0,0,1,0,
claude45,baseline,blind,L1,3,1,1,4,10,Placed the milk in the milk bin,1,0,0,0,0,1,0,0,
claude45,baseline,blind,L1,3,2,2,4,10,Placed the bread in the bread bin,1,0,0,0,0,1,0,0,
claude45,baseline,blind,L1,3,3,3,4,10,Placed the cereal in the cereal bin,1,0,0,0,0,1,0,0,
claude45,baseline,blind,L1,3,4,4,4,10,Placed the can in the can bin,1,0,0,0,0,1,0,0,
claude45,baseline,blind,L1,3,5,4,4,10,Done - all objects are now in their matching bins,0,1,0,0,0,0,0,0,
claude45,baseline,blind,L1,4,0,0,4,5,Ok - putting every object in its matching bin,0,0,0,0,0,0,1,0,
claude45,baseline,blind,L1,4,1,0,4,5,Putting the milk in the milk bin,1,0,0,0,0,0,1,0,
claude45,baseline,blind,L1,4,2,1,4,5,Putting the bread in the bread bin,1,0,0,0,0,0,1,0,
claude45,baseline,blind,L1,4,3,2,4,5,Putting the cereal in the cereal bin,1,0,0,0,0,0,1,0,
claude45,baseline,blind,L1,4,4,3,4,5,Putting the can in the can bin,1,0,0,0,0,0,1,0,
claude45,baseline,blind,L1,5,0,0,4,10,Ok - putting every object in its matching bin,0,0,0,0,0,0,1,0,
claude45,baseline,blind,L1,5,1,1,4,10,Placed the milk in the milk bin,1,0,0,0,0,1,0,0,
claude45,baseline,blind,L1,5,2,2,4,10,Placed the bread in the bread bin,1,0,0,0,0,1,0,0,
claude45,baseline,blind,L1,5,3,3,4,10,Placed the cereal in the cereal bin,1,0,0,0,0,1,0,0,
claude45,baseline,blind,L1,5,4,4,4,10,Placed the can in the can bin,1,0,0,0,0,1,0,0,
claude45,baseline,blind,L1,5,5,4,4,10,Done - all objects are now in their matching bins,0,1,0,0,0,0,0,0,
claude45,baseline,blind,L2,1,0,0,3,3,Stacking all the blocks into one tower,0,0,0,0,0,1,1,0,
claude45,baseline,blind,L2,2,0,0,3,3,Stacking all the blocks into one tower,0,0,0,0,0,1,1,0,
claude45,baseline,blind,L2,3,0,0,3,3,Stacking all the blocks into one tower,0,0,0,0,0,1,1,0,
claude45,baseline,blind,L2,4,0,0,3,3,Stacking all the blocks into one tower,0,0,0,0,0,1,1,0,
claude45,baseline,blind,L2,5,0,0,3,3,Ok - stacking all the blocks into one tower,0,0,0,0,0,1,1,0,
claude45,baseline,blind,L3,1,0,0,4,5,Ok - putting the blocks in a horizontal line near the top,0,0,1,0,0,0,1,0,
claude45,baseline,blind,L3,2,0,0,4,5,Ok - making a horizontal line of blocks near the top,0,0,1,0,0,1,1,0,
claude45,baseline,blind,L3,3,0,0,4,5,Ok - putting the blocks in a horizontal line near the top,0,0,1,0,0,0,1,0,
claude45,baseline,blind,L3,4,0,0,4,5,Ok - making a horizontal line of blocks near the top,0,0,1,0,0,1,1,0,
claude45,baseline,blind,L3,5,0,0,4,5,Ok - putting the blocks in a horizontal line near the top,0,0,1,0,0,0,1,0,
claude45,baseline,blind,L4,1,0,0,2,4,Putting the milk in the milk bin,1,0,0,0,0,0,1,0,
claude45,baseline,blind,L4,1,1,1,2,4,Putting the cereal in the cereal bin,1,0,0,0,0,0,1,0,
claude45,baseline,blind,L4,2,0,0,2,4,Putting the milk in the milk bin,1,0,0,0,0,0,1,0,
claude45,baseline,blind,L4,2,1,1,2,4,Putting the cereal in the cereal bin,1,0,0,0,0,0,1,0,
claude45,baseline,blind,L4,3,0,0,2,4,Putting the milk in the milk bin,1,0,0,0,0,0,1,0,
claude45,baseline,blind,L4,3,1,1,2,4,Putting the cereal in the cereal bin,1,0,0,0,0,0,1,0,
claude45,baseline,blind,L4,4,0,0,2,5,Putting the milk in the milk bin,1,0,0,0,0,0,1,0,
claude45,baseline,blind,L4,4,1,1,2,5,Putting the cereal in the cereal bin,1,0,0,0,0,0,1,0,
claude45,baseline,blind,L4,4,2,2,2,5,Done! I put the milk in the milk bin and the cereal in the cereal bin,1,0,0,0,0,1,0,0,
claude45,baseline,blind,L4,5,0,0,2,4,Putting the milk in the milk bin,1,0,0,0,0,0,1,0,
claude45,baseline,blind,L4,5,1,1,2,4,Putting the cereal in the cereal bin,1,0,0,0,0,0,1,0,
claude45,baseline,blind,L5,1,0,0,4,5,Putting the blocks on different corners clockwise starting at the top right corner,0,0,1,0,0,0,1,0,
claude45,baseline,blind,L5,2,0,0,4,6,Placing blocks on corners clockwise starting from top right,0,0,1,0,0,1,1,0,
claude45,baseline,blind,L5,3,0,0,4,6,Ok - putting blocks on corners clockwise starting from top right,0,0,1,0,0,0,1,0,
claude45,baseline,blind,L5,4,0,0,4,5,Putting the blocks on different corners clockwise starting at the top right corner,0,0,1,0,0,0,1,0,
claude45,baseline,blind,L5,5,0,0,4,5,Putting the blocks on different corners clockwise starting at the top right corner,0,0,1,0,0,0,1,0,
claude45,baseline,blind,L6,1,0,0,4,5,Arranging the blocks in a square around the middle of the workspace,0,0,1,0,0,1,1,0,
claude45,baseline,blind,L6,2,0,0,4,5,Arranging the blocks in a square around the middle of the workspace,0,0,1,0,0,1,1,0,
claude45,baseline,blind,L6,3,0,0,4,5,Arranging the blocks in a square around the middle,0,0,1,0,0,1,1,0,
claude45,baseline,blind,L6,4,0,0,4,5,Arranging the blocks in a square around the middle of the workspace,0,0,1,0,0,1,1,0,
claude45,baseline,blind,L6,5,0,0,4,5,Arranging the blocks in a square around the middle,0,0,1,0,0,1,1,0,
claude45,baseline,blind,L7,1,0,0,3,5,Placing the blocks in a vertical line 20cm long and 10cm below the blue bowl,1,0,0,0,0,1,1,0,
claude45,baseline,blind,L7,2,0,0,3,5,Putting the blocks in a vertical line 20cm long and 10cm below the blue bowl,1,0,0,0,0,0,1,0,
claude45,baseline,blind,L7,3,0,0,3,5,Putting the blocks in a vertical line 20cm long and 10cm below the blue bowl,1,0,0,0,0,0,1,0,
claude45,baseline,blind,L7,4,0,0,3,5,Ok - making a vertical line of blocks 20cm long and 10cm below the blue bowl,1,0,0,0,0,1,1,0,
claude45,baseline,blind,L7,5,0,0,3,5,Arranging the blocks in a vertical line 20cm long and 10cm below the blue bowl,1,0,0,0,0,1,1,0,
claude45,baseline,blind,L8,1,0,0,2,11,Placing blocks in bowls with non-matching colors,0,0,0,0,0,1,1,0,
claude45,baseline,blind,L8,2,0,0,2,11,Placing the blocks in bowls with non-matching colors,0,0,0,0,0,1,1,0,
claude45,baseline,blind,L8,3,0,0,3,5,Placing the blocks in bowls with non-matching colors,0,0,0,0,0,1,1,0,
claude45,baseline,blind,L8,4,0,0,2,11,Placing the blocks in bowls with non-matching colors,0,0,0,0,0,1,1,0,
claude45,baseline,blind,L8,5,0,0,2,11,Placing the blocks in bowls with non-matching colors,0,0,0,0,0,1,1,0,
claude45,baseline,blind,L9,1,0,0,8,9,Arranging the blocks in a square around the middle,0,0,1,0,0,1,1,0,
claude45,baseline,blind,L9,1,1,4,8,9,Making the square bigger,0,0,0,0,0,1,1,0,
claude45,baseline,blind,L9,2,0,0,8,9,Arranging the blocks in a square around the middle,0,0,1,0,0,1,1,0,
claude45,baseline,blind,L9,2,1,4,8,9,Making the square bigger,0,0,0,0,0,1,1,0,
claude45,baseline,blind,L9,3,0,0,8,9,Arranging the blocks in a square around the middle,0,0,1,0,0,1,1,0,
claude45,baseline,blind,L9,3,1,4,8,9,Making the square bigger,0,0,0,0,0,1,1,0,
claude45,baseline,blind,L9,4,0,0,8,9,Arranging the blocks in a square around the middle,0,0,1,0,0,1,1,0,
claude45,baseline,blind,L9,4,1,4,8,9,Making the square bigger,0,0,0,0,0,1,1,0,
claude45,baseline,blind,L9,5,0,0,8,9,Arranging the blocks in a square around the middle,0,0,1,0,0,1,1,0,
claude45,baseline,blind,L9,5,1,4,8,9,Making the square bigger,0,0,0,0,0,1,1,0,
claude45,baseline,blind,S10,1,0,0,1,2,Putting the bread in the bread bin,0,0,0,0,0,0,1,0,
claude45,baseline,blind,S10,2,0,0,1,2,Putting the bread in the bread bin,0,0,0,0,0,0,1,0,
claude45,baseline,blind,S10,3,0,0,1,2,Putting the bread in the bread bin,0,0,0,0,0,0,1,0,
claude45,baseline,blind,S10,4,0,0,1,2,Putting the bread in the bread bin,0,0,0,0,0,0,1,0,
claude45,baseline,blind,S10,5,0,0,1,2,Putting the bread in the bread bin,0,0,0,0,0,0,1,0,
claude45,baseline,blind,S11,1,0,0,1,4,Putting the red block to the left of the ,1,0,0,0,0,0,1,0,
claude45,baseline,blind,S11,2,0,0,1,4,Putting the red block to the left of the ,1,0,0,0,0,0,1,0,
claude45,baseline,blind,S11,3,0,0,1,4,Putting the red block to the left of the ,1,0,0,0,0,0,1,0,
claude45,baseline,blind,S11,4,0,0,1,4,Putting the red block to the left of the ,1,0,0,0,0,0,1,0,
claude45,baseline,blind,S11,5,0,0,1,4,Putting the red block to the left of the ,1,0,0,0,0,0,1,0,
claude45,baseline,blind,S1,1,0,0,1,2,Ok - putting the red block on the green block,1,0,0,0,0,0,1,0,
claude45,baseline,blind,S1,2,0,0,1,2,Placing the red block on the green block,1,0,0,0,0,1,1,0,
claude45,baseline,blind,S1,3,0,0,1,2,Placing the red block on the green block,1,0,0,0,0,1,1,0,
claude45,baseline,blind,S1,4,0,0,1,2,Ok - putting the red block on the green block,1,0,0,0,0,0,1,0,
claude45,baseline,blind,S1,5,0,0,1,2,Ok - putting the red block on the green block,1,0,0,0,0,0,1,0,
claude45,baseline,blind,S2,1,0,0,0,1,"I can only move objects on the table surface, I cannot lift objects above it",0,0,1,0,0,1,0,1,
claude45,baseline,blind,S2,2,0,0,0,1,"I cannot lift objects above the table, I can only move them around on the surface",0,0,1,0,0,1,0,1,
claude45,baseline,blind,S2,3,0,0,0,1,"Sorry, I can only move objects around on the table surface. I cannot lift objects above the table.",0,0,1,0,0,1,0,1,
claude45,baseline,blind,S2,4,0,0,0,1,"I cannot lift objects above the table, I can only move objects around on the surface",0,0,1,0,0,1,0,1,
claude45,baseline,blind,S2,5,0,0,0,1,"I can only move objects around on the table, I cannot lift objects above it",0,0,1,0,0,1,0,1,
claude45,baseline,blind,S3,1,0,0,0,1,I don't see a purple block in the workspace. I can only see a red block and a green block.,1,0,0,0,0,0,0,1,
claude45,baseline,blind,S3,2,0,0,0,1,I don't see a purple block in the workspace. I can only see a red block and a green block.,1,0,0,0,0,0,0,1,
claude45,baseline,blind,S3,3,0,0,0,1,I don't see a purple block in the workspace,0,0,0,0,0,0,0,1,
claude45,baseline,blind,S3,4,0,0,0,1,I don't see a purple block on the workspace,0,0,0,0,0,0,0,1,
claude45,baseline,blind,S3,5,0,0,0,1,I don't see a purple block in the workspace. I can only see a red block and a green block.,1,0,0,0,0,0,0,1,
claude45,baseline,blind,S4,1,0,0,1,2,Putting the can in the can bin,1,0,0,0,0,0,1,0,
claude45,baseline,blind,S4,2,0,0,1,2,Putting the can in the can bin,1,0,0,0,0,0,1,0,
claude45,baseline,blind,S4,3,0,0,1,2,Putting the can in the can bin,1,0,0,0,0,0,1,0,
claude45,baseline,blind,S4,4,0,0,1,2,Putting the can in the can bin,1,0,0,0,0,0,1,0,
claude45,baseline,blind,S4,5,0,0,1,2,Putting the can in the can bin,1,0,0,0,0,0,1,0,
claude45,baseline,blind,S5,1,0,0,1,2,Putting the cereal in the cereal bin,1,0,0,0,0,0,1,0,
claude45,baseline,blind,S5,2,0,0,1,2,Putting the cereal in the cereal bin,1,0,0,0,0,0,1,0,
claude45,baseline,blind,S5,3,0,0,1,2,Ok - putting the cereal in the cereal bin,1,0,0,0,0,0,1,0,
claude45,baseline,blind,S5,4,0,0,1,2,Putting the cereal in the cereal bin,1,0,0,0,0,0,1,0,
claude45,baseline,blind,S5,5,0,0,1,2,Putting the cereal in the cereal bin,1,0,0,0,0,0,1,0,
claude45,baseline,blind,S6,1,0,0,1,3,Ok - moving the red block 5cm to the bottom,1,0,1,0,0,1,1,0,
claude45,baseline,blind,S6,2,0,0,1,3,Ok - moving the red block 5cm to the bottom,1,0,1,0,0,1,1,0,
claude45,baseline,blind,S6,3,0,0,1,3,Ok - moving the red block 5cm to the bottom,1,0,1,0,0,1,1,0,
claude45,baseline,blind,S6,4,0,0,1,3,Ok - moving the red block 5cm to the bottom,1,0,1,0,0,1,1,0,
claude45,baseline,blind,S6,5,0,0,1,3,Ok - moving the red block 5cm to the bottom,1,0,1,0,0,1,1,0,
claude45,baseline,blind,S7,1,0,0,1,4,Moving the blue block in between the red block and the ,1,0,0,0,0,1,1,0,
claude45,baseline,blind,S7,2,0,0,1,4,Moving the blue block in between the red block and the ,1,0,0,0,0,1,1,0,
claude45,baseline,blind,S7,3,0,0,1,4,Moving the blue block in between the red block and the ,1,0,0,0,0,1,1,0,
claude45,baseline,blind,S7,4,0,0,1,4,Moving the blue block in between the red block and the ,1,0,0,0,0,1,1,0,
claude45,baseline,blind,S7,5,0,0,1,4,Moving the blue block in between the red block and the ,1,0,0,0,0,1,1,0,
claude45,baseline,blind,S9,1,0,0,1,2,Ok - putting the bread in the bread bin,1,0,0,0,0,0,1,0,
claude45,baseline,blind,S9,2,0,0,1,2,Putting the bread in the bread bin,1,0,0,0,0,0,1,0,
claude45,baseline,blind,S9,3,0,0,1,2,Putting the bread in the bread bin,1,0,0,0,0,0,1,0,
claude45,baseline,blind,S9,4,0,0,1,2,Putting the bread in the bread bin,1,0,0,0,0,0,1,0,
claude45,baseline,blind,S9,5,0,0,1,2,Putting the bread in the bread bin,1,0,0,0,0,0,1,0,
claude45,baseline,blind_assist,L10,1,0,0,2,3,Moving all fruits to the green plate and bottles to the blue plate,1,0,0,0,0,1,1,0,
claude45,baseline,blind_assist,L10,2,0,0,2,3,Moving the lemon to the green plate and the bottle to the blue plate,1,0,0,0,0,1,1,0,
claude45,baseline,blind_assist,L10,3,0,0,2,3,Moving the lemon to the green plate and the bottle to the blue plate,1,0,0,0,0,1,1,0,
claude45,baseline,blind_assist,L10,4,0,0,2,3,Moving the lemon to the green plate and the bottle to the blue plate,1,0,0,0,0,1,1,0,
claude45,baseline,blind_assist,L10,5,0,0,2,3,Moving the lemon to the green plate and the bottle to the blue plate,1,0,0,0,0,1,1,0,
claude45,baseline,blind_assist,L1,1,0,0,4,10,"Sure, I will put each object in its matching bin one at a time",0,1,0,1,0,1,0,0,
claude45,baseline,blind_assist,L1,1,1,0,4,10,"First, putting the milk in the milk bin",1,1,0,0,0,0,1,0,
claude45,baseline,blind_assist,L1,1,2,1,4,10,"Next, putting the bread in the bread bin",1,1,0,0,0,0,1,0,
claude45,baseline,blind_assist,L1,1,3,2,4,10,"Now, putting the cereal in the cereal bin",1,1,0,0,0,0,1,0,
claude45,baseline,blind_assist,L1,1,4,3,4,10,"Finally, putting the can in the can bin",1,0,0,0,0,0,1,0,
claude45,baseline,blind_assist,L1,1,5,4,4,10,Done! All objects are now in their matching bins,0,1,0,0,0,0,0,0,
claude45,baseline,blind_assist,L1,2,0,0,4,10,"Sure, putting every object in its matching bin",0,0,0,0,0,0,1,0,
claude45,baseline,blind_assist,L1,2,1,1,4,10,Placed the milk in the milk bin,1,0,0,0,0,1,0,0,
claude45,baseline,blind_assist,L1,2,2,2,4,10,Placed the bread in the bread bin,1,0,0,0,0,1,0,0,
claude45,baseline,blind_assist,L1,2,3,3,4,10,Placed the cereal in the cereal bin,1,0,0,0,0,1,0,0,
claude45,baseline,blind_assist,L1,2,4,4,4,10,Placed the can in the can bin,1,0,0,0,0,1,0,0,
claude45,baseline,blind_assist,L1,2,5,4,4,10,Done - all objects are now in their matching bins,0,1,0,0,0,0,0,0,
claude45,baseline,blind_assist,L1,3,0,0,4,4,Putting the milk in the milk bin,1,0,0,0,0,0,1,0,
claude45,baseline,blind_assist,L1,3,1,1,4,4,Putting the bread in the bread bin,1,0,0,0,0,0,1,0,
claude45,baseline,blind_assist,L1,3,2,2,4,4,Putting the cereal in the cereal bin,1,0,0,0,0,0,1,0,
claude45,baseline,blind_assist,L1,3,3,3,4,4,Putting the can in the can bin,1,0,0,0,0,0,1,0,
claude45,baseline,blind_assist,L1,4,0,0,4,10,Sure - putting each object in its matching bin one at a time,0,1,0,0,0,0,1,0,
claude45,baseline,blind_assist,L1,4,1,0,4,10,"First, putting the milk in the milk bin",1,1,0,0,0,0,1,0,
claude45,baseline,blind_assist,L1,4,2,1,4,10,"Next, putting the bread in the bread bin",1,1,0,0,0,0,1,0,
claude45,baseline,blind_assist,L1,4,3,2,4,10,"Now, putting the cereal in the cereal bin",1,1,0,0,0,0,1,0,
claude45,baseline,blind_assist,L1,4,4,3,4,10,"Finally, putting the can in the can bin",1,0,0,0,0,0,1,0,
claude45,baseline,blind_assist,L1,4,5,4,4,10,Done! All objects are now in their matching bins,0,1,0,0,0,0,0,0,
claude45,baseline,blind_assist,L1,5,0,0,4,10,Ok - putting every object in its matching bin,0,0,0,0,0,0,1,0,
claude45,baseline,blind_assist,L1,5,1,1,4,10,Placed the milk in the milk bin,1,0,0,0,0,1,0,0,
claude45,baseline,blind_assist,L1,5,2,2,4,10,Placed the bread in the bread bin,1,0,0,0,0,1,0,0,
claude45,baseline,blind_assist,L1,5,3,3,4,10,Placed the cereal in the cereal bin,1,0,0,0,0,1,0,0,
claude45,baseline,blind_assist,L1,5,4,4,4,10,Placed the can in the can bin,1,0,0,0,0,1,0,0,
claude45,baseline,blind_assist,L1,5,5,4,4,10,Done - all objects are now in their matching bins,0,1,0,0,0,0,0,0,
claude45,baseline,blind_assist,L2,1,0,0,3,3,Stacking all the blocks into one tower,0,0,0,0,0,1,1,0,
claude45,baseline,blind_assist,L2,2,0,0,3,3,Stacking all the blocks into one tower,0,0,0,0,0,1,1,0,
claude45,baseline,blind_assist,L2,3,0,0,3,3,Stacking all the blocks into one tower,0,0,0,0,0,1,1,0,
claude45,baseline,blind_assist,L2,4,0,0,3,3,Stacking all the blocks into one tower,0,0,0,0,0,1,1,0,
claude45,baseline,blind_assist,L2,5,0,0,3,3,Stacking all the blocks into one tower,0,0,0,0,0,1,1,0,
claude45,baseline,blind_assist,L3,1,0,0,4,5,Arranging the blocks in a horizontal line near the top,0,0,1,0,0,1,1,0,
claude45,baseline,blind_assist,L3,2,0,0,4,5,Ok - arranging the blocks in a horizontal line near the top,0,0,1,0,0,1,1,0,
claude45,baseline,blind_assist,L3,3,0,0,4,5,Arranging the blocks in a horizontal line near the top,0,0,1,0,0,1,1,0,
claude45,baseline,blind_assist,L3,4,0,0,4,5,Ok - putting the blocks in a horizontal line near the top,0,0,1,0,0,0,1,0,
claude45,baseline,blind_assist,L3,5,0,0,4,5,Arranging the blocks in a horizontal line near the top,0,0,1,0,0,1,1,0,
claude45,baseline,blind_assist,L4,1,0,0,2,5,Putting the milk in the milk bin,1,0,0,0,0,0,1,0,
claude45,baseline,blind_assist,L4,1,1,1,2,5,Putting the cereal in the cereal bin,1,0,0,0,0,0,1,0,
claude45,baseline,blind_assist,L4,1,2,2,2,5,Done! I placed the milk in the milk bin and the cereal in the cereal bin.,1,0,0,0,0,1,0,0,
claude45,baseline,blind_assist,L4,2,0,0,2,5,Putting the milk in the milk bin,1,0,0,0,0,0,1,0,
claude45,baseline,blind_assist,L4,2,1,1,2,5,Putting the cereal in the cereal bin,1,0,0,0,0,0,1,0,
claude45,baseline,blind_assist,L4,2,2,2,2,5,Done! I placed the milk in the milk bin and the cereal in the cereal bin.,1,0,0,0,0,1,0,0,
claude45,baseline,blind_assist,L4,3,0,0,2,5,Putting the milk in the milk bin,1,0,0,0,0,0,1,0,
claude45,baseline,blind_assist,L4,3,1,1,2,5,Putting the cereal in the cereal bin,1,0,0,0,0,0,1,0,
claude45,baseline,blind_assist,L4,3,2,2,2,5,Done! I placed the milk in the milk bin and the cereal in the cereal bin.,1,0,0,0,0,1,0,0,
claude45,baseline,blind_assist,L4,4,0,0,2,5,Putting the milk in the milk bin,1,0,0,0,0,0,1,0,
claude45,baseline,blind_assist,L4,4,1,1,2,5,Putting the cereal in the cereal bin,1,0,0,0,0,0,1,0,
claude45,baseline,blind_assist,L4,4,2,2,2,5,Done! I placed the milk in the milk bin and the cereal in the cereal bin,1,0,0,0,0,1,0,0,
claude45,baseline,blind_assist,L4,5,0,0,2,5,Putting the milk in the milk bin,1,0,0,0,0,0,1,0,
claude45,baseline,blind_assist,L4,5,1,1,2,5,Putting the cereal in the cereal bin,1,0,0,0,0,0,1,0,
claude45,baseline,blind_assist,L4,5,2,2,2,5,Done! I put the milk in the milk bin and the cereal in the cereal bin,1,0,0,0,0,1,0,0,
claude45,baseline,blind_assist,L5,1,0,0,4,6,Placing blocks on the corners clockwise starting from the top right corner,0,0,1,0,0,1,1,0,
claude45,baseline,blind_assist,L5,1,1,0,4,6,Placing the red block on the top right corner,1,0,1,0,0,1,1,0,
claude45,baseline,blind_assist,L5,1,2,1,4,6,Placing the green block on the bottom right corner,1,0,1,0,0,1,1,0,
claude45,baseline,blind_assist,L5,1,3,2,4,6,Placing the blue block on the bottom left corner,1,0,1,0,0,1,1,0,
claude45,baseline,blind_assist,L5,1,4,3,4,6,Placing the yellow block on the top left corner,1,0,1,0,0,1,1,0,
claude45,baseline,blind_assist,L5,2,0,0,4,6,Placing blocks on different corners clockwise starting at the top right corner,0,0,1,0,0,1,1,0,
claude45,baseline,blind_assist,L5,2,1,0,4,6,Placing the red block on the top right corner,1,0,1,0,0,1,1,0,
claude45,baseline,blind_assist,L5,2,2,1,4,6,Placing the green block on the bottom right corner,1,0,1,0,0,1,1,0,
claude45,baseline,blind_assist,L5,2,3,2,4,6,Placing the blue block on the bottom left corner,1,0,1,0,0,1,1,0,
claude45,baseline,blind_assist,L5,2,4,3,4,6,Placing the yellow block on the top left corner,1,0,1,0,0,1,1,0,
claude45,baseline,blind_assist,L5,3,0,0,4,6,Placing the blocks on different corners clockwise starting at the top right corner,0,0,1,0,0,1,1,0,
claude45,baseline,blind_assist,L5,3,1,0,4,6,Putting the red block on the top right corner,1,0,1,0,0,0,1,0,
claude45,baseline,blind_assist,L5,3,2,1,4,6,Putting the green block on the bottom right corner,1,0,1,0,0,0,1,0,
claude45,baseline,blind_assist,L5,3,3,2,4,6,Putting the blue block on the bottom left corner,1,0,1,0,0,0,1,0,
claude45,baseline,blind_assist,L5,3,4,3,4,6,Putting the yellow block on the top left corner,1,0,1,0,0,0,1,0,
claude45,baseline,blind_assist,L5,4,0,0,4,7,Placing the blocks on different corners clockwise starting at the top right corner,0,0,1,0,0,1,1,0,
claude45,baseline,blind_assist,L5,4,1,0,4,7,Placing the red block on the top right corner,1,0,1,0,0,1,1,0,
claude45,baseline,blind_assist,L5,4,2,1,4,7,Placing the green block on the bottom right corner,1,0,1,0,0,1,1,0,
claude45,baseline,blind_assist,L5,4,3,2,4,7,Placing the blue block on the bottom left corner,1,0,1,0,0,1,1,0,
claude45,baseline,blind_assist,L5,4,4,3,4,7,Placing the yellow block on the top left corner,1,0,1,0,0,1,1,0,
claude45,baseline,blind_assist,L5,5,0,0,4,7,Putting the blocks on different corners clockwise starting at the top right corner,0,0,1,0,0,0,1,0,
claude45,baseline,blind_assist,L5,5,1,0,4,7,Placing the red block on the top right corner,1,0,1,0,0,1,1,0,
claude45,baseline,blind_assist,L5,5,2,1,4,7,Placing the green block on the bottom right corner,1,0,1,0,0,1,1,0,
claude45,baseline,blind_assist,L5,5,3,2,4,7,Placing the blue block on the bottom left corner,1,0,1,0,0,1,1,0,
claude45,baseline,blind_assist,L5,5,4,3,4,7,Placing the yellow block on the top left corner,1,0,1,0,0,1,1,0,
claude45,baseline,blind_assist,L6,1,0,0,4,5,Arranging the blocks in a square around the middle of the workspace,0,0,1,0,0,1,1,0,
claude45,baseline,blind_assist,L6,2,0,0,4,5,Arranging the blocks in a square around the middle of the workspace,0,0,1,0,0,1,1,0,
claude45,baseline,blind_assist,L6,3,0,0,4,5,Arranging the blocks in a square around the middle of the workspace,0,0,1,0,0,1,1,0,
claude45,baseline,blind_assist,L6,4,0,0,4,5,Arranging the blocks in a square around the middle of the workspace,0,0,1,0,0,1,1,0,
claude45,baseline,blind_assist,L6,5,0,0,4,5,Arranging the blocks in a square around the middle of the workspace,0,0,1,0,0,1,1,0,
claude45,baseline,blind_assist,L7,1,0,0,3,5,Putting the blocks in a vertical line 20cm long and 10cm below the blue bowl,1,0,0,0,0,0,1,0,
claude45,baseline,blind_assist,L7,2,0,0,3,5,Ok - putting the blocks in a vertical line 20cm long and 10cm below the blue bowl,1,0,0,0,0,0,1,0,
claude45,baseline,blind_assist,L7,3,0,0,3,5,Arranging the blocks in a vertical line 20cm long and 10cm below the blue bowl,1,0,0,0,0,1,1,0,
claude45,baseline,blind_assist,L7,4,0,0,3,5,Putting the blocks in a vertical line 20cm long and 10cm below the blue bowl,1,0,0,0,0,0,1,0,
claude45,baseline,blind_assist,L7,5,0,0,3,5,"Arranging the blocks in a vertical line 20cm long, 10cm below the blue bowl",1,0,0,0,0,1,1,0,
claude45,baseline,blind_assist,L8,1,0,0,3,5,Placing the blocks in bowls with non-matching colors,0,0,0,0,0,1,1,0,
claude45,baseline,blind_assist,L8,2,0,0,3,5,Placing the blocks in bowls with non-matching colors,0,0,0,0,0,1,1,0,
claude45,baseline,blind_assist,L8,3,0,0,2,12,Placing blocks in bowls with non-matching colors,0,0,0,0,0,1,1,0,
claude45,baseline,blind_assist,L8,3,1,0,2,12,Putting the red block in the green bowl,1,0,0,0,0,0,1,0,
claude45,baseline,blind_assist,L8,3,2,1,2,12,Putting the green block in the red bowl,1,0,0,0,0,0,1,0,
claude45,baseline,blind_assist,L8,4,0,0,3,5,Placing the blocks in bowls with non-matching colors,0,0,0,0,0,1,1,0,
claude45,baseline,blind_assist,L8,5,0,0,2,12,Placing blocks in bowls with non-matching colors,0,0,0,0,0,1,1,0,
claude45,baseline,blind_assist,L8,5,1,0,2,12,Putting the red block in the green bowl,1,0,0,0,0,0,1,0,
claude45,baseline,blind_assist,L8,5,2,1,2,12,Putting the green block in the red bowl,1,0,0,0,0,0,1,0,
claude45,baseline,blind_assist,L9,1,0,0,8,9,Arranging the blocks in a square around the middle,0,0,1,0,0,1,1,0,
claude45,baseline,blind_assist,L9,1,1,4,8,9,Now making the square bigger,0,1,0,0,0,1,1,0,
claude45,baseline,blind_assist,L9,2,0,0,8,9,Arranging the blocks in a square around the middle,0,0,1,0,0,1,1,0,
claude45,baseline,blind_assist,L9,2,1,4,8,9,Now making the square bigger,0,1,0,0,0,1,1,0,
claude45,baseline,blind_assist,L9,3,0,0,8,9,Arranging the blocks in a square around the middle,0,0,1,0,0,1,1,0,
claude45,baseline,blind_assist,L9,3,1,4,8,9,Now making the square bigger,0,1,0,0,0,1,1,0,
claude45,baseline,blind_assist,L9,4,0,0,8,9,Arranging the blocks in a square around the middle,0,0,1,0,0,1,1,0,
claude45,baseline,blind_assist,L9,4,1,4,8,9,Making the square bigger,0,0,0,0,0,1,1,0,
claude45,baseline,blind_assist,L9,5,0,0,8,9,Arranging the blocks in a square around the middle of the workspace,0,0,1,0,0,1,1,0,
claude45,baseline,blind_assist,L9,5,1,4,8,9,Now making the square bigger,0,1,0,0,0,1,1,0,
claude45,baseline,blind_assist,S10,1,0,0,1,2,Putting the bread in the bread bin,0,0,0,0,0,0,1,0,
claude45,baseline,blind_assist,S10,2,0,0,1,2,Putting the bread in the bread bin,0,0,0,0,0,0,1,0,
claude45,baseline,blind_assist,S10,3,0,0,1,2,Putting the bread in the bread bin,0,0,0,0,0,0,1,0,
claude45,baseline,blind_assist,S10,4,0,0,1,2,Putting the bread in the bread bin,0,0,0,0,0,0,1,0,
claude45,baseline,blind_assist,S10,5,0,0,1,2,Putting the bread in the bread bin,0,0,0,0,0,0,1,0,
claude45,baseline,blind_assist,S11,1,0,0,1,4,Putting the red block to the left of the ,1,0,0,0,0,0,1,0,
claude45,baseline,blind_assist,S11,2,0,0,1,4,Putting the red block to the left of the ,1,0,0,0,0,0,1,0,
claude45,baseline,blind_assist,S11,3,0,0,1,4,Putting the red block to the left of the ,1,0,0,0,0,0,1,0,
claude45,baseline,blind_assist,S11,4,0,0,1,4,Putting the red block to the left of the ,1,0,0,0,0,0,1,0,
claude45,baseline,blind_assist,S11,5,0,0,1,4,Putting the red block to the left of the ,1,0,0,0,0,0,1,0,
claude45,baseline,blind_assist,S1,1,0,0,1,2,Placing the red block on the green block,1,0,0,0,0,1,1,0,
claude45,baseline,blind_assist,S1,2,0,0,1,2,Putting the red block on the green block,1,0,0,0,0,0,1,0,
claude45,baseline,blind_assist,S1,3,0,0,1,2,Placing the red block on the green block,1,0,0,0,0,1,1,0,
claude45,baseline,blind_assist,S1,4,0,0,1,2,Placing the red block on top of the green block,1,0,1,0,0,1,1,0,
claude45,baseline,blind_assist,S1,5,0,0,1,2,Placing the red block on the green block,1,0,0,0,0,1,1,0,
claude45,baseline,blind_assist,S2,1,0,0,1,3,Lifting the cube 10 centimeters above the table,1,0,1,0,0,1,1,0,
claude45,baseline,blind_assist,S2,2,0,0,1,3,Lifting the cube 10 centimeters above its current position,1,0,0,0,0,1,1,0,
claude45,baseline,blind_assist,S2,3,0,0,1,3,Lifting the cube above the table,1,0,1,0,0,1,1,0,
claude45,baseline,blind_assist,S2,4,0,0,1,3,Lifting the cube above the table by moving it 10cm upward,1,0,1,0,0,1,1,0,
claude45,baseline,blind_assist,S2,5,0,0,1,3,Lifting the cube above the table by moving it up 10 centimeters,1,0,1,0,0,1,1,0,
claude45,baseline,blind_assist,S3,1,0,0,0,1,I don't see a purple block on the workspace. I can only see a red block and a green block.,1,0,0,0,0,0,0,1,
claude45,baseline,blind_assist,S3,2,0,0,0,1,I don't see a purple block on the workspace. I can only see a red block and a green block.,1,0,0,0,0,0,0,1,
claude45,baseline,blind_assist,S3,3,0,0,0,1,I don't see a purple block on the workspace. I can only see a red block and a green block.,1,0,0,0,0,0,0,1,
claude45,baseline,blind_assist,S3,4,0,0,0,1,I don't see a purple block on the workspace. I can only see a red block and a green block.,1,0,0,0,0,0,0,1,
claude45,baseline,blind_assist,S3,5,0,0,0,1,I don't see a purple block on the workspace,0,0,0,0,0,0,0,1,
claude45,baseline,blind_assist,S4,1,0,0,1,2,Ok - putting the can in the can bin,1,0,0,0,0,0,1,0,
claude45,baseline,blind_assist,S4,2,0,0,1,2,Putting the can in the can bin,1,0,0,0,0,0,1,0,
claude45,baseline,blind_assist,S4,3,0,0,1,2,Placing the can in the can bin,1,0,0,0,0,1,1,0,
claude45,baseline,blind_assist,S4,4,0,0,1,2,Putting the can in the can bin,1,0,0,0,0,0,1,0,
claude45,baseline,blind_assist,S4,5,0,0,1,2,Putting the can in the can bin,1,0,0,0,0,0,1,0,
claude45,baseline,blind_assist,S5,1,0,0,1,2,Putting the cereal in the cereal bin,1,0,0,0,0,0,1,0,
claude45,baseline,blind_assist,S5,2,0,0,1,2,Putting the cereal in the cereal bin,1,0,0,0,0,0,1,0,
claude45,baseline,blind_assist,S5,3,0,0,1,2,Putting the cereal in the cereal bin,1,0,0,0,0,0,1,0,
claude45,baseline,blind_assist,S5,4,0,0,1,2,Putting the cereal in the cereal bin,1,0,0,0,0,0,1,0,
claude45,baseline,blind_assist,S5,5,0,0,1,2,Putting the cereal in the cereal bin,1,0,0,0,0,0,1,0,
claude45,baseline,blind_assist,S6,1,0,0,1,3,Ok - moving the red block 5cm to the bottom,1,0,1,0,0,1,1,0,
claude45,baseline,blind_assist,S6,2,0,0,1,3,Moving the red block 5cm to the bottom,1,0,1,0,0,1,1,0,
claude45,baseline,blind_assist,S6,3,0,0,1,3,Moving the red block 5cm toward the bottom,1,0,1,0,0,1,1,0,
claude45,baseline,blind_assist,S6,4,0,0,1,3,Moving the red block 5cm toward the bottom,1,0,1,0,0,1,1,0,
claude45,baseline,blind_assist,S6,5,0,0,1,3,Ok - moving the red block 5cm to the bottom,1,0,1,0,0,1,1,0,
claude45,baseline,blind_assist,S7,1,0,0,1,4,Moving the blue block in between the red block and the ,1,0,0,0,0,1,1,0,
claude45,baseline,blind_assist,S7,2,0,0,1,4,Moving the blue block in between the red block and the ,1,0,0,0,0,1,1,0,
claude45,baseline,blind_assist,S7,3,0,0,1,4,Moving the blue block between the red block and the ,1,0,0,0,0,1,1,0,
claude45,baseline,blind_assist,S7,4,0,0,1,4,Moving the blue block to a point between the red block and the ,1,0,0,0,0,1,1,0,
claude45,baseline,blind_assist,S7,5,0,0,1,4,Moving the blue block in between the red block and the ,1,0,0,0,0,1,1,0,
claude45,baseline,blind_assist,S9,1,0,0,1,2,Putting the bread in the bread bin,1,0,0,0,0,0,1,0,
claude45,baseline,blind_assist,S9,2,0,0,1,2,Putting the bread in the bread bin,1,0,0,0,0,0,1,0,
claude45,baseline,blind_assist,S9,3,0,0,1,2,Putting the bread in the bread bin,1,0,0,0,0,0,1,0,
claude45,baseline,blind_assist,S9,4,0,0,1,2,Putting the bread in the bread bin,1,0,0,0,0,0,1,0,
claude45,baseline,blind_assist,S9,5,0,0,1,2,Putting the bread in the bread bin,1,0,0,0,0,0,1,0,
claude45,baseline,empty,L10,1,0,0,2,3,Moving fruits to green plate and bottles to blue plate,1,0,0,0,0,1,1,0,
claude45,baseline,empty,L10,2,0,0,2,7,Moving fruits to the green plate and bottles to the blue plate,1,0,0,0,0,1,1,0,
claude45,baseline,empty,L10,3,0,0,2,7,Moving fruits to the green plate and bottles to the blue plate,1,0,0,0,0,1,1,0,
claude45,baseline,empty,L10,4,0,0,2,3,Moving fruits to the green plate and bottles to the blue plate,1,0,0,0,0,1,1,0,
claude45,baseline,empty,L10,5,0,0,2,7,Moving fruits to the green plate and bottles to the blue plate,1,0,0,0,0,1,1,0,
claude45,baseline,empty,L1,1,0,0,4,5,Ok - putting every object in its matching bin,0,0,0,0,0,0,1,0,
claude45,baseline,empty,L1,2,0,0,4,5,Ok - putting every object in its matching bin,0,0,0,0,0,0,1,0,
claude45,baseline,empty,L1,3,0,0,4,5,Ok - putting each object in its matching bin,0,0,0,0,0,0,1,0,
claude45,baseline,empty,L1,4,0,0,4,4,Ok - putting every object in its matching bin,0,0,0,0,0,0,1,0,
claude45,baseline,empty,L1,5,0,0,4,4,Ok - putting every object in its matching bin,0,0,0,0,0,0,1,0,
claude45,baseline,empty,L2,1,0,0,3,3,Ok - stacking all the blocks into one tower,0,0,0,0,0,1,1,0,
claude45,baseline,empty,L2,2,0,0,3,3,Ok - stacking all the blocks into one tower,0,0,0,0,0,1,1,0,
claude45,baseline,empty,L2,3,0,0,3,3,Ok - stacking all the blocks into one tower,0,0,0,0,0,1,1,0,
claude45,baseline,empty,L2,4,0,0,3,3,Ok - stacking all the blocks into one tower,0,0,0,0,0,1,1,0,
claude45,baseline,empty,L2,5,0,0,3,3,Ok - stacking all the blocks into one tower,0,0,0,0,0,1,1,0,
claude45,baseline,empty,L3,1,0,0,4,5,Putting the blocks in a horizontal line near the top,0,0,1,0,0,0,1,0,
claude45,baseline,empty,L3,2,0,0,4,5,Ok - putting the blocks in a horizontal line near the top,0,0,1,0,0,0,1,0,
claude45,baseline,empty,L3,3,0,0,4,5,Ok - making a horizontal line of blocks near the top,0,0,1,0,0,1,1,0,
claude45,baseline,empty,L3,4,0,0,4,5,Ok - putting the blocks in a horizontal line near the top,0,0,1,0,0,0,1,0,
claude45,baseline,empty,L3,5,0,0,4,5,Ok - putting the blocks in a horizontal line near the top,0,0,1,0,0,0,1,0,
claude45,baseline,empty,L4,1,0,0,2,4,Putting the milk in the milk bin,1,0,0,0,0,0,1,0,
claude45,baseline,empty,L4,1,1,1,2,4,Putting the cereal in the cereal bin,1,0,0,0,0,0,1,0,
claude45,baseline,empty,L4,2,0,0,2,4,Putting the milk in the milk bin,1,0,0,0,0,0,1,0,
claude45,baseline,empty,L4,2,1,1,2,4,Putting the cereal in the cereal bin,1,0,0,0,0,0,1,0,
claude45,baseline,empty,L4,3,0,0,2,4,Putting the milk in the milk bin,1,0,0,0,0,0,1,0,
claude45,baseline,empty,L4,3,1,1,2,4,Putting the cereal in the cereal bin,1,0,0,0,0,0,1,0,
claude45,baseline,empty,L4,4,0,0,2,4,Putting the milk in the milk bin,1,0,0,0,0,0,1,0,
claude45,baseline,empty,L4,4,1,1,2,4,Putting the cereal in the cereal bin,1,0,0,0,0,0,1,0,
claude45,baseline,empty,L4,5,0,0,2,4,Putting the milk in the milk bin,1,0,0,0,0,0,1,0,
claude45,baseline,empty,L4,5,1,1,2,4,Putting the cereal in the cereal bin,1,0,0,0,0,0,1,0,
claude45,baseline,empty,L5,1,0,0,4,5,Putting the blocks on different corners clockwise starting at the top right corner,0,0,1,0,0,0,1,0,
claude45,baseline,empty,L5,2,0,0,4,5,Putting the blocks on different corners clockwise starting at the top right corner,0,0,1,0,0,0,1,0,
claude45,baseline,empty,L5,3,0,0,4,5,Putting the blocks on different corners clockwise starting at the top right corner,0,0,1,0,0,0,1,0,
claude45,baseline,empty,L5,4,0,0,4,6,Putting the blocks on different corners clockwise starting at the top right corner,0,0,1,0,0,0,1,0,
claude45,baseline,empty,L5,5,0,0,4,5,Putting the blocks on different corners clockwise starting at the top right corner,0,0,1,0,0,0,1,0,
claude45,baseline,empty,L6,1,0,0,4,5,Arranging the blocks in a square around the middle,0,0,1,0,0,1,1,0,
claude45,baseline,empty,L6,2,0,0,4,5,Arranging the blocks in a square around the middle,0,0,1,0,0,1,1,0,
claude45,baseline,empty,L6,3,0,0,4,5,Arranging the blocks in a square around the middle,0,0,1,0,0,1,1,0,
claude45,baseline,empty,L6,4,0,0,4,5,Arranging the blocks in a square around the middle,0,0,1,0,0,1,1,0,
claude45,baseline,empty,L6,5,0,0,4,5,Arranging the blocks in a square around the middle,0,0,1,0,0,1,1,0,
claude45,baseline,empty,L7,1,0,0,3,5,"Arranging blocks in a vertical line 20cm long, 10cm below the blue bowl",1,0,0,0,0,1,1,0,
claude45,baseline,empty,L7,2,0,0,3,5,Putting the blocks in a vertical line 20cm long and 10cm below the blue bowl,1,0,0,0,0,0,1,0,
claude45,baseline,empty,L7,3,0,0,3,5,Putting the blocks in a vertical line 20cm long and 10cm below the blue bowl,1,0,0,0,0,0,1,0,
claude45,baseline,empty,L7,4,0,0,3,5,Arranging the blocks in a vertical line 20cm long and 10cm below the blue bowl,1,0,0,0,0,1,1,0,
claude45,baseline,empty,L7,5,0,0,3,5,Putting the blocks in a vertical line 20cm long and 10cm below the blue bowl,1,0,0,0,0,0,1,0,
claude45,baseline,empty,L8,1,0,0,3,5,Ok - placing each block in a bowl with a non-matching color,0,0,0,0,0,1,1,0,
claude45,baseline,empty,L8,2,0,0,2,11,Ok - placing blocks in bowls with non-matching colors,0,0,0,0,0,1,1,0,
claude45,baseline,empty,L8,3,0,0,3,5,Placing the blocks in bowls with non-matching colors,0,0,0,0,0,1,1,0,
claude45,baseline,empty,L8,4,0,0,2,11,Placing blocks in bowls with non-matching colors,0,0,0,0,0,1,1,0,
claude45,baseline,empty,L8,5,0,0,2,11,Placing blocks in bowls with non-matching colors,0,0,0,0,0,1,1,0,
claude45,baseline,empty,L9,1,0,0,8,9,Arranging the blocks in a square around the middle,0,0,1,0,0,1,1,0,
claude45,baseline,empty,L9,1,1,4,8,9,Making the square bigger,0,0,0,0,0,1,1,0,
claude45,baseline,empty,L9,2,0,0,8,9,Arranging the blocks in a square around the middle,0,0,1,0,0,1,1,0,
claude45,baseline,empty,L9,2,1,4,8,9,Making the square bigger,0,0,0,0,0,1,1,0,
claude45,baseline,empty,L9,3,0,0,8,9,Arranging the blocks in a square around the middle,0,0,1,0,0,1,1,0,
claude45,baseline,empty,L9,3,1,4,8,9,Making the square bigger,0,0,0,0,0,1,1,0,
claude45,baseline,empty,L9,4,0,0,8,9,Arranging the blocks in a square around the middle,0,0,1,0,0,1,1,0,
claude45,baseline,empty,L9,4,1,4,8,9,Making the square bigger,0,0,0,0,0,1,1,0,
claude45,baseline,empty,L9,5,0,0,8,9,Arranging the blocks in a square around the middle,0,0,1,0,0,1,1,0,
claude45,baseline,empty,L9,5,1,4,8,9,Making the square bigger,0,0,0,0,0,1,1,0,
claude45,baseline,empty,S10,1,0,0,1,2,Putting the bread in the bread bin,0,0,0,0,0,0,1,0,
claude45,baseline,empty,S10,2,0,0,1,2,Putting the bread in the bread bin,0,0,0,0,0,0,1,0,
claude45,baseline,empty,S10,3,0,0,1,2,Putting the bread in the bread bin,0,0,0,0,0,0,1,0,
claude45,baseline,empty,S10,4,0,0,1,2,Putting the bread in the bread bin,0,0,0,0,0,0,1,0,
claude45,baseline,empty,S10,5,0,0,1,2,Putting the bread in the bread bin,0,0,0,0,0,0,1,0,
claude45,baseline,empty,S11,1,0,0,1,4,Putting the red block to the left of the ,1,0,0,0,0,0,1,0,
claude45,baseline,empty,S11,2,0,0,1,4,Putting the red block to the left of the ,1,0,0,0,0,0,1,0,
claude45,baseline,empty,S11,3,0,0,1,4,Putting the red block to the left of the ,1,0,0,0,0,0,1,0,
claude45,baseline,empty,S11,4,0,0,1,4,Putting the red block to the left of the ,1,0,0,0,0,0,1,0,
claude45,baseline,empty,S11,5,0,0,1,4,Putting the red block to the left of the ,1,0,0,0,0,0,1,0,
claude45,baseline,empty,S1,1,0,0,1,2,Ok - putting the red block on the green block,1,0,0,0,0,0,1,0,
claude45,baseline,empty,S1,2,0,0,1,2,Ok - putting the red block on the green block,1,0,0,0,0,0,1,0,
claude45,baseline,empty,S1,3,0,0,1,2,Ok - putting the red block on the green block,1,0,0,0,0,0,1,0,
claude45,baseline,empty,S1,4,0,0,1,2,Ok - putting the red block on the green block,1,0,0,0,0,0,1,0,
claude45,baseline,empty,S1,5,0,0,1,2,Ok - putting the red block on the green block,1,0,0,0,0,0,1,0,
claude45,baseline,empty,S2,1,0,0,1,3,Ok - lifting the cube above the table,1,0,1,0,0,1,1,0,
claude45,baseline,empty,S2,2,0,0,1,3,Ok - lifting the cube above the table,1,0,1,0,0,1,1,0,
claude45,baseline,empty,S2,3,0,0,1,3,Ok - lifting the cube above the table,1,0,1,0,0,1,1,0,
claude45,baseline,empty,S2,4,0,0,1,3,Ok - lifting the cube above the table,1,0,1,0,0,1,1,0,
claude45,baseline,empty,S2,5,0,0,1,3,Ok - lifting the cube above its current position,1,0,0,0,0,1,1,0,
claude45,baseline,empty,S3,1,0,0,0,1,I don't see a purple block,0,0,0,0,0,0,0,1,
claude45,baseline,empty,S3,2,0,0,0,1,I don't see a purple block,0,0,0,0,0,0,0,1,
claude45,baseline,empty,S3,3,0,0,0,1,I don't see a purple block,0,0,0,0,0,0,0,1,
claude45,baseline,empty,S3,4,0,0,0,1,I don't see a purple block,0,0,0,0,0,0,0,1,
claude45,baseline,empty,S3,5,0,0,0,1,I don't see a purple block,0,0,0,0,0,0,0,1,
claude45,baseline,empty,S4,1,0,0,1,2,Putting the can in the can bin,1,0,0,0,0,0,1,0,
claude45,baseline,empty,S4,2,0,0,1,2,Ok - putting the can in the can bin,1,0,0,0,0,0,1,0,
claude45,baseline,empty,S4,3,0,0,1,2,Putting the can in the can bin,1,0,0,0,0,0,1,0,
claude45,baseline,empty,S4,4,0,0,1,2,Putting the can in the can bin,1,0,0,0,0,0,1,0,
claude45,baseline,empty,S4,5,0,0,1,2,Putting the can in the can bin,1,0,0,0,0,0,1,0,
claude45,baseline,empty,S5,1,0,0,1,2,Ok - putting the cereal in the cereal bin,1,0,0,0,0,0,1,0,
claude45,baseline,empty,S5,2,0,0,1,2,Putting the cereal in the cereal bin,1,0,0,0,0,0,1,0,
claude45,baseline,empty,S5,3,0,0,1,2,Ok - putting the cereal in the cereal bin,1,0,0,0,0,0,1,0,
claude45,baseline,empty,S5,4,0,0,1,2,Ok - putting the cereal in the cereal bin,1,0,0,0,0,0,1,0,
claude45,baseline,empty,S5,5,0,0,1,2,Putting the cereal in the cereal bin,1,0,0,0,0,0,1,0,
claude45,baseline,empty,S6,1,0,0,1,3,Ok - moving the red block 5cm to the bottom,1,0,1,0,0,1,1,0,
claude45,baseline,empty,S6,2,0,0,1,3,Ok - moving the red block 5cm to the bottom,1,0,1,0,0,1,1,0,
claude45,baseline,empty,S6,3,0,0,1,3,Ok - moving the red block 5cm to the bottom,1,0,1,0,0,1,1,0,
claude45,baseline,empty,S6,4,0,0,1,3,Ok - moving the red block 5cm to the bottom,1,0,1,0,0,1,1,0,
claude45,baseline,empty,S6,5,0,0,1,3,Ok - moving the red block 5cm to the bottom,1,0,1,0,0,1,1,0,
claude45,baseline,empty,S7,1,0,0,1,4,Sure thing - putting the blue block between the red block and the ,1,0,0,0,0,0,1,0,
claude45,baseline,empty,S7,2,0,0,1,4,Sure thing - putting the blue block between the red block and the ,1,0,0,0,0,0,1,0,
claude45,baseline,empty,S7,3,0,0,1,4,Moving the blue block between the red block and the ,1,0,0,0,0,1,1,0,
claude45,baseline,empty,S7,4,0,0,1,4,Sure - moving the blue block between the red block and the ,1,0,0,0,0,1,1,0,
claude45,baseline,empty,S7,5,0,0,1,4,Moving the blue block in between the red block and the ,1,0,0,0,0,1,1,0,
claude45,baseline,empty,S9,1,0,0,1,2,Putting the bread in the bread bin,1,0,0,0,0,0,1,0,
claude45,baseline,empty,S9,2,0,0,1,2,Ok - putting the bread in the bread bin,1,0,0,0,0,0,1,0,
claude45,baseline,empty,S9,3,0,0,1,2,Putting the bread in the bread bin,1,0,0,0,0,0,1,0,
claude45,baseline,empty,S9,4,0,0,1,2,Putting the bread in the bread bin,1,0,0,0,0,0,1,0,
claude45,baseline,empty,S9,5,0,0,1,2,Ok - putting the bread in the bread bin,1,0,0,0,0,0,1,0,
claude45,baseline,sighted,L10,1,0,0,2,3,Moving fruits to the green plate and bottles to the blue plate,1,0,0,0,0,1,1,0,
claude45,baseline,sighted,L10,2,0,0,2,3,Ok - moving fruits to the green plate and bottles to the blue plate,1,0,0,0,0,1,1,0,
claude45,baseline,sighted,L10,3,0,0,2,3,Ok - moving fruits to the green plate and bottles to the blue plate,1,0,0,0,0,1,1,0,
claude45,baseline,sighted,L10,4,0,0,2,3,Moving fruits to the green plate and bottles to the blue plate,1,0,0,0,0,1,1,0,
claude45,baseline,sighted,L10,5,0,0,2,3,Moving fruits to the green plate and bottles to the blue plate,1,0,0,0,0,1,1,0,
claude45,baseline,sighted,L1,1,0,0,4,4,Ok - putting every object in its matching bin,0,0,0,0,0,0,1,0,
claude45,baseline,sighted,L1,2,0,0,4,5,Ok - putting every object in its matching bin,0,0,0,0,0,0,1,0,
claude45,baseline,sighted,L1,3,0,0,4,5,Putting every object in its matching bin,0,0,0,0,0,0,1,0,
claude45,baseline,sighted,L1,4,0,0,4,4,Ok - putting every object in its matching bin,0,0,0,0,0,0,1,0,
claude45,baseline,sighted,L1,5,0,0,4,5,Ok - putting every object in its matching bin,0,0,0,0,0,0,1,0,
claude45,baseline,sighted,L2,1,0,0,3,3,Ok - stacking all the blocks into one tower,0,0,0,0,0,1,1,0,
claude45,baseline,sighted,L2,2,0,0,3,3,Ok - stacking all the blocks into one tower,0,0,0,0,0,1,1,0,
claude45,baseline,sighted,L2,3,0,0,3,3,Stacking all the blocks into one tower,0,0,0,0,0,1,1,0,
claude45,baseline,sighted,L2,4,0,0,3,3,Ok - stacking all the blocks into one tower,0,0,0,0,0,1,1,0,
claude45,baseline,sighted,L2,5,0,0,3,3,Ok - stacking all the blocks into one tower,0,0,0,0,0,1,1,0,
claude45,baseline,sighted,L3,1,0,0,4,5,Ok - putting the blocks in a horizontal line near the top,0,0,1,0,0,0,1,0,
claude45,baseline,sighted,L3,2,0,0,4,5,Ok - making a horizontal line of blocks near the top,0,0,1,0,0,1,1,0,
claude45,baseline,sighted,L3,3,0,0,4,5,Ok - putting the blocks in a horizontal line near the top,0,0,1,0,0,0,1,0,
claude45,baseline,sighted,L3,4,0,0,4,5,Ok - making a horizontal line of blocks near the top,0,0,1,0,0,1,1,0,
claude45,baseline,sighted,L3,5,0,0,4,5,Ok - putting the blocks in a horizontal line near the top,0,0,1,0,0,0,1,0,
claude45,baseline,sighted,L4,1,0,0,2,4,Putting the milk in the milk bin,1,0,0,0,0,0,1,0,
claude45,baseline,sighted,L4,1,1,1,2,4,Putting the cereal in the cereal bin,1,0,0,0,0,0,1,0,
claude45,baseline,sighted,L4,2,0,0,2,4,Putting the milk in the milk bin,1,0,0,0,0,0,1,0,
claude45,baseline,sighted,L4,2,1,1,2,4,Putting the cereal in the cereal bin,1,0,0,0,0,0,1,0,
claude45,baseline,sighted,L4,3,0,0,2,4,Putting the milk in the milk bin,1,0,0,0,0,0,1,0,
claude45,baseline,sighted,L4,3,1,1,2,4,Putting the cereal in the cereal bin,1,0,0,0,0,0,1,0,
claude45,baseline,sighted,L4,4,0,0,2,4,Putting the milk in the milk bin,1,0,0,0,0,0,1,0,
claude45,baseline,sighted,L4,4,1,1,2,4,Putting the cereal in the cereal bin,1,0,0,0,0,0,1,0,
claude45,baseline,sighted,L4,5,0,0,2,4,Putting the milk in the milk bin,1,0,0,0,0,0,1,0,
claude45,baseline,sighted,L4,5,1,1,2,4,Putting the cereal in the cereal bin,1,0,0,0,0,0,1,0,
claude45,baseline,sighted,L5,1,0,0,4,5,Placing blocks on different corners clockwise starting at the top right corner,0,0,1,0,0,1,1,0,
claude45,baseline,sighted,L5,2,0,0,4,6,Putting the blocks on different corners clockwise starting at the top right corner,0,0,1,0,0,0,1,0,
claude45,baseline,sighted,L5,3,0,0,4,6,Ok - putting the blocks on different corners clockwise starting at the top right corner,0,0,1,0,0,0,1,0,
claude45,baseline,sighted,L5,4,0,0,4,6,Putting the blocks on different corners clockwise starting at the top right corner,0,0,1,0,0,0,1,0,
claude45,baseline,sighted,L5,5,0,0,4,6,Placing blocks on corners clockwise starting from the top right,0,0,1,0,0,1,1,0,
claude45,baseline,sighted,L6,1,0,0,4,5,Arranging the blocks in a square around the middle,0,0,1,0,0,1,1,0,
claude45,baseline,sighted,L6,2,0,0,4,5,Arranging the blocks in a square around the middle,0,0,1,0,0,1,1,0,
claude45,baseline,sighted,L6,3,0,0,4,5,Arranging the blocks in a square around the middle,0,0,1,0,0,1,1,0,
claude45,baseline,sighted,L6,4,0,0,4,5,Arranging the blocks in a square around the middle,0,0,1,0,0,1,1,0,
claude45,baseline,sighted,L6,5,0,0,4,5,Arranging the blocks in a square around the middle,0,0,1,0,0,1,1,0,
claude45,baseline,sighted,L7,1,0,0,3,5,Putting the blocks in a vertical line 20cm long and 10cm below the blue bowl,1,0,0,0,0,0,1,0,
claude45,baseline,sighted,L7,2,0,0,3,5,Sure - putting the blocks in a vertical line 20cm long and 10cm below the blue bowl,1,0,0,0,0,0,1,0,
claude45,baseline,sighted,L7,3,0,0,3,5,Ok - putting the blocks in a vertical line 20cm long and 10cm below the blue bowl,1,0,0,0,0,0,1,0,
claude45,baseline,sighted,L7,4,0,0,3,5,Arranging the blocks in a vertical line 20cm long and 10cm below the blue bowl,1,0,0,0,0,1,1,0,
claude45,baseline,sighted,L7,5,0,0,3,5,Putting the blocks in a vertical line 20cm long and 10cm below the blue bowl,1,0,0,0,0,0,1,0,
claude45,baseline,sighted,L8,1,0,0,2,11,Placing blocks in bowls with non-matching colors,0,0,0,0,0,1,1,0,
claude45,baseline,sighted,L8,2,0,0,2,11,Placing blocks in bowls with non-matching colors,0,0,0,0,0,1,1,0,
claude45,baseline,sighted,L8,3,0,0,2,11,Placing blocks in bowls with non-matching colors,0,0,0,0,0,1,1,0,
claude45,baseline,sighted,L8,4,0,0,2,11,Placing blocks in bowls with non-matching colors,0,0,0,0,0,1,1,0,
claude45,baseline,sighted,L8,5,0,0,2,11,Placing the blocks in bowls with non-matching colors,0,0,0,0,0,1,1,0,
claude45,baseline,sighted,L9,1,0,0,8,9,Arranging the blocks in a square around the middle,0,0,1,0,0,1,1,0,
claude45,baseline,sighted,L9,1,1,4,8,9,Making the square bigger,0,0,0,0,0,1,1,0,
claude45,baseline,sighted,L9,2,0,0,8,9,Arranging the blocks in a square around the middle,0,0,1,0,0,1,1,0,
claude45,baseline,sighted,L9,2,1,4,8,9,Making the square bigger,0,0,0,0,0,1,1,0,
claude45,baseline,sighted,L9,3,0,0,8,9,Arranging the blocks in a square around the middle,0,0,1,0,0,1,1,0,
claude45,baseline,sighted,L9,3,1,4,8,9,Making the square bigger,0,0,0,0,0,1,1,0,
claude45,baseline,sighted,L9,4,0,0,8,9,Arranging the blocks in a square around the middle,0,0,1,0,0,1,1,0,
claude45,baseline,sighted,L9,4,1,4,8,9,Making the square bigger,0,0,0,0,0,1,1,0,
claude45,baseline,sighted,L9,5,0,0,8,9,Arranging the blocks in a square around the middle,0,0,1,0,0,1,1,0,
claude45,baseline,sighted,L9,5,1,4,8,9,Making the square bigger,0,0,0,0,0,1,1,0,
claude45,baseline,sighted,S10,1,0,0,1,2,Putting the bread in the bread bin,0,0,0,0,0,0,1,0,
claude45,baseline,sighted,S10,2,0,0,1,2,Putting the bread in the bread bin,0,0,0,0,0,0,1,0,
claude45,baseline,sighted,S10,3,0,0,1,2,Putting the bread in the bread bin,0,0,0,0,0,0,1,0,
claude45,baseline,sighted,S10,4,0,0,1,2,Putting the bread in the bread bin,0,0,0,0,0,0,1,0,
claude45,baseline,sighted,S10,5,0,0,1,2,Putting the bread in the bread bin,0,0,0,0,0,0,1,0,
claude45,baseline,sighted,S11,1,0,0,1,4,Putting the red block to the left of the ,1,0,0,0,0,0,1,0,
claude45,baseline,sighted,S11,2,0,0,1,4,Putting the red block to the left of the ,1,0,0,0,0,0,1,0,
claude45,baseline,sighted,S11,3,0,0,1,4,Putting the red block to the left of the ,1,0,0,0,0,0,1,0,
claude45,baseline,sighted,S11,4,0,0,1,4,Putting the red block to the left of the ,1,0,0,0,0,0,1,0,
claude45,baseline,sighted,S11,5,0,0,1,4,Putting the red block to the left of the ,1,0,0,0,0,0,1,0,
claude45,baseline,sighted,S1,1,0,0,1,2,Ok - putting the red block on the green block,1,0,0,0,0,0,1,0,
claude45,baseline,sighted,S1,2,0,0,1,2,Ok - putting the red block on the green block,1,0,0,0,0,0,1,0,
claude45,baseline,sighted,S1,3,0,0,1,2,Ok - putting the red block on the green block,1,0,0,0,0,0,1,0,
claude45,baseline,sighted,S1,4,0,0,1,2,Ok - putting the red block on the green block,1,0,0,0,0,0,1,0,
claude45,baseline,sighted,S1,5,0,0,1,2,Ok - putting the red block on the green block,1,0,0,0,0,0,1,0,
claude45,baseline,sighted,S2,1,0,0,1,3,Sure - lifting the cube above the table,1,0,1,0,0,1,1,0,
claude45,baseline,sighted,S2,2,0,0,1,3,Ok - lifting the cube above the table,1,0,1,0,0,1,1,0,
claude45,baseline,sighted,S2,3,0,0,0,1,"I can only move objects on the table surface, I cannot lift them",0,0,1,0,0,1,0,1,
claude45,baseline,sighted,S2,4,0,0,1,3,Sure - lifting the cube above the table,1,0,1,0,0,1,1,0,
claude45,baseline,sighted,S2,5,0,0,1,3,Ok - lifting the cube above the table,1,0,1,0,0,1,1,0,
claude45,baseline,sighted,S3,1,0,0,0,1,I don't see a purple block,0,0,0,0,0,0,0,1,
claude45,baseline,sighted,S3,2,0,0,0,1,I don't see a purple block,0,0,0,0,0,0,0,1,
claude45,baseline,sighted,S3,3,0,0,0,1,I don't see a purple block,0,0,0,0,0,0,0,1,
claude45,baseline,sighted,S3,4,0,0,0,1,I don't see a purple block,0,0,0,0,0,0,0,1,
claude45,baseline,sighted,S3,5,0,0,0,1,I don't see a purple block,0,0,0,0,0,0,0,1,
claude45,baseline,sighted,S4,1,0,0,1,2,Putting the can in the can bin,1,0,0,0,0,0,1,0,
claude45,baseline,sighted,S4,2,0,0,1,2,Putting the can in the can bin,1,0,0,0,0,0,1,0,
claude45,baseline,sighted,S4,3,0,0,1,2,Ok - putting the can in the can bin,1,0,0,0,0,0,1,0,
claude45,baseline,sighted,S4,4,0,0,1,2,Ok - putting the can in the can bin,1,0,0,0,0,0,1,0,
claude45,baseline,sighted,S4,5,0,0,1,2,Ok - putting the can in the can bin,1,0,0,0,0,0,1,0,
claude45,baseline,sighted,S5,1,0,0,1,2,Ok - putting the cereal in the cereal bin,1,0,0,0,0,0,1,0,
claude45,baseline,sighted,S5,2,0,0,1,2,Ok - putting the cereal in the cereal bin,1,0,0,0,0,0,1,0,
claude45,baseline,sighted,S5,3,0,0,1,2,Putting the cereal in the cereal bin,1,0,0,0,0,0,1,0,
claude45,baseline,sighted,S5,4,0,0,1,2,Ok - putting the cereal in the cereal bin,1,0,0,0,0,0,1,0,
claude45,baseline,sighted,S5,5,0,0,1,2,Ok - putting the cereal in the cereal bin,1,0,0,0,0,0,1,0,
claude45,baseline,sighted,S6,1,0,0,1,3,Ok - moving the red block 5cm to the bottom,1,0,1,0,0,1,1,0,
claude45,baseline,sighted,S6,2,0,0,1,3,Ok - moving the red block 5cm to the bottom,1,0,1,0,0,1,1,0,
claude45,baseline,sighted,S6,3,0,0,1,3,Ok - moving the red block 5cm to the bottom,1,0,1,0,0,1,1,0,
claude45,baseline,sighted,S6,4,0,0,1,3,Ok - moving the red block 5cm to the bottom,1,0,1,0,0,1,1,0,
claude45,baseline,sighted,S6,5,0,0,1,3,Ok - moving the red block 5cm to the bottom,1,0,1,0,0,1,1,0,
claude45,baseline,sighted,S7,1,0,0,1,4,Moving the blue block in between the red block and the ,1,0,0,0,0,1,1,0,
claude45,baseline,sighted,S7,2,0,0,1,4,Sure - moving the blue block between the red block and the ,1,0,0,0,0,1,1,0,
claude45,baseline,sighted,S7,3,0,0,1,4,Moving the blue block between the red block and the ,1,0,0,0,0,1,1,0,
claude45,baseline,sighted,S7,4,0,0,1,4,Sure thing - putting the blue block between the red block and the ,1,0,0,0,0,0,1,0,
claude45,baseline,sighted,S7,5,0,0,1,4,Sure - moving the blue block between the red block and the ,1,0,0,0,0,1,1,0,
claude45,baseline,sighted,S9,1,0,0,1,2,Putting the bread in the bread bin,1,0,0,0,0,0,1,0,
claude45,baseline,sighted,S9,2,0,0,1,2,Putting the bread in the bread bin,1,0,0,0,0,0,1,0,
claude45,baseline,sighted,S9,3,0,0,1,2,Putting the bread in the bread bin,1,0,0,0,0,0,1,0,
claude45,baseline,sighted,S9,4,0,0,1,2,Sure - putting the bread in the bread bin,1,0,0,0,0,0,1,0,
claude45,baseline,sighted,S9,5,0,0,1,2,Putting the bread in the bread bin,1,0,0,0,0,0,1,0,
claude45,baseline,sighted_assist,L10,1,0,0,2,3,Moving the lemon to the green plate and the bottle to the blue plate,1,0,0,0,0,1,1,0,
claude45,baseline,sighted_assist,L10,2,0,0,2,3,Moving all fruits to the green plate and bottles to the blue plate,1,0,0,0,0,1,1,0,
claude45,baseline,sighted_assist,L10,3,0,0,2,3,Moving the lemon to the green plate and the bottle to the blue plate,1,0,0,0,0,1,1,0,
claude45,baseline,sighted_assist,L10,4,0,0,2,7,Moving all fruits to the green plate and bottles to the blue plate,1,0,0,0,0,1,1,0,
claude45,baseline,sighted_assist,L10,5,0,0,2,3,Moving fruits to the green plate and bottles to the blue plate,1,0,0,0,0,1,1,0,
claude45,baseline,sighted_assist,L1,1,0,0,4,9,Ok - putting each object in its matching bin,0,0,0,0,0,0,1,0,
claude45,baseline,sighted_assist,L1,1,1,1,4,9,Put the milk in the milk bin,1,0,0,0,0,1,0,0,
claude45,baseline,sighted_assist,L1,1,2,2,4,9,Put the bread in the bread bin,1,0,0,0,0,1,0,0,
claude45,baseline,sighted_assist,L1,1,3,3,4,9,Put the cereal in the cereal bin,1,0,0,0,0,1,0,0,
claude45,baseline,sighted_assist,L1,1,4,4,4,9,Put the can in the can bin,1,0,0,0,0,1,0,0,
claude45,baseline,sighted_assist,L1,2,0,0,4,9,"Sure - putting each object in its matching bin, one at a time",0,1,0,0,0,0,1,0,
claude45,baseline,sighted_assist,L1,2,1,1,4,9,Placed the milk in the milk bin,1,0,0,0,0,1,0,0,
claude45,baseline,sighted_assist,L1,2,2,2,4,9,Placed the bread in the bread bin,1,0,0,0,0,1,0,0,
claude45,baseline,sighted_assist,L1,2,3,3,4,9,Placed the cereal in the cereal bin,1,0,0,0,0,1,0,0,
claude45,baseline,sighted_assist,L1,2,4,4,4,9,Placed the can in the can bin,1,0,0,0,0,1,0,0,
claude45,baseline,sighted_assist,L1,3,0,0,4,5,Ok - putting each object in its matching bin,0,0,0,0,0,0,1,0,
claude45,baseline,sighted_assist,L1,4,0,0,4,9,Ok - putting every object in its matching bin,0,0,0,0,0,0,1,0,
claude45,baseline,sighted_assist,L1,4,1,1,4,9,Placed the milk in the milk bin,1,0,0,0,0,1,0,0,
claude45,baseline,sighted_assist,L1,4,2,2,4,9,Placed the bread in the bread bin,1,0,0,0,0,1,0,0,
claude45,baseline,sighted_assist,L1,4,3,3,4,9,Placed the cereal in the cereal bin,1,0,0,0,0,1,0,0,
claude45,baseline,sighted_assist,L1,4,4,4,4,9,Placed the can in the can bin,1,0,0,0,0,1,0,0,
claude45,baseline,sighted_assist,L1,5,0,0,4,9,Ok - putting each object in its matching bin,0,0,0,0,0,0,1,0,
claude45,baseline,sighted_assist,L1,5,1,1,4,9,Placed the milk in the milk bin,1,0,0,0,0,1,0,0,
claude45,baseline,sighted_assist,L1,5,2,2,4,9,Placed the bread in the bread bin,1,0,0,0,0,1,0,0,
claude45,baseline,sighted_assist,L1,5,3,3,4,9,Placed the cereal in the cereal bin,1,0,0,0,0,1,0,0,
claude45,baseline,sighted_assist,L1,5,4,4,4,9,Placed the can in the can bin,1,0,0,0,0,1,0,0,
claude45,baseline,sighted_assist,L2,1,0,0,3,3,Ok - stacking all the blocks into one tower,0,0,0,0,0,1,1,0,
claude45,baseline,sighted_assist,L2,2,0,0,3,3,Ok - stacking all the blocks into one tower,0,0,0,0,0,1,1,0,
claude45,baseline,sighted_assist,L2,3,0,0,3,3,Stacking all the blocks into one tower,0,0,0,0,0,1,1,0,
claude45,baseline,sighted_assist,L2,4,0,0,3,3,Stacking all the blocks into one tower,0,0,0,0,0,1,1,0,
claude45,baseline,sighted_assist,L2,5,0,0,3,3,Stacking all the blocks into one tower,0,0,0,0,0,1,1,0,
claude45,baseline,sighted_assist,L3,1,0,0,4,5,Arranging the blocks in a horizontal line near the top,0,0,1,0,0,1,1,0,
claude45,baseline,sighted_assist,L3,2,0,0,4,5,Arranging the blocks in a horizontal line near the top,0,0,1,0,0,1,1,0,
claude45,baseline,sighted_assist,L3,3,0,0,4,5,Placing the blocks in a horizontal line near the top,0,0,1,0,0,1,1,0,
claude45,baseline,sighted_assist,L3,4,0,0,4,5,Putting the blocks in a horizontal line near the top,0,0,1,0,0,0,1,0,
claude45,baseline,sighted_assist,L3,5,0,0,4,5,Arranging the blocks in a horizontal line near the top,0,0,1,0,0,1,1,0,
claude45,baseline,sighted_assist,L4,1,0,0,2,4,Putting the milk in the milk bin,1,0,0,0,0,0,1,0,
claude45,baseline,sighted_assist,L4,1,1,1,2,4,Putting the cereal in the cereal bin,1,0,0,0,0,0,1,0,
claude45,baseline,sighted_assist,L4,2,0,0,2,4,Putting the milk in the milk bin,1,0,0,0,0,0,1,0,
claude45,baseline,sighted_assist,L4,2,1,1,2,4,Putting the cereal in the cereal bin,1,0,0,0,0,0,1,0,
claude45,baseline,sighted_assist,L4,3,0,0,2,4,Putting the milk in the milk bin,1,0,0,0,0,0,1,0,
claude45,baseline,sighted_assist,L4,3,1,1,2,4,Putting the cereal in the cereal bin,1,0,0,0,0,0,1,0,
claude45,baseline,sighted_assist,L4,4,0,0,2,4,Putting the milk in the milk bin,1,0,0,0,0,0,1,0,
claude45,baseline,sighted_assist,L4,4,1,1,2,4,Putting the cereal in the cereal bin,1,0,0,0,0,0,1,0,
claude45,baseline,sighted_assist,L4,5,0,0,2,4,Putting the milk in the milk bin,1,0,0,0,0,0,1,0,
claude45,baseline,sighted_assist,L4,5,1,1,2,4,Putting the cereal in the cereal bin,1,0,0,0,0,0,1,0,
claude45,baseline,sighted_assist,L5,1,0,0,4,5,Putting the blocks on different corners clockwise starting at the top right corner,0,0,1,0,0,0,1,0,
claude45,baseline,sighted_assist,L5,2,0,0,4,5,Putting the blocks on different corners clockwise starting at the top right corner,0,0,1,0,0,0,1,0,
claude45,baseline,sighted_assist,L5,3,0,0,4,6,Putting the blocks on different corners clockwise starting at the top right corner,0,0,1,0,0,0,1,0,
claude45,baseline,sighted_assist,L5,4,0,0,4,5,Putting the blocks on different corners clockwise starting at the top right corner,0,0,1,0,0,0,1,0,
claude45,baseline,sighted_assist,L5,5,0,0,4,5,Putting the blocks on different corners clockwise starting at the top right corner,0,0,1,0,0,0,1,0,
claude45,baseline,sighted_assist,L6,1,0,0,4,5,Arranging the blocks in a square around the middle,0,0,1,0,0,1,1,0,
claude45,baseline,sighted_assist,L6,2,0,0,4,5,Arranging the blocks in a square around the middle of the workspace,0,0,1,0,0,1,1,0,
claude45,baseline,sighted_assist,L6,3,0,0,4,5,Arranging the blocks in a square around the middle,0,0,1,0,0,1,1,0,
claude45,baseline,sighted_assist,L6,4,0,0,4,5,Arranging the blocks in a square around the middle,0,0,1,0,0,1,1,0,
claude45,baseline,sighted_assist,L6,5,0,0,4,5,Arranging the blocks in a square around the middle,0,0,1,0,0,1,1,0,
claude45,baseline,sighted_assist,L7,1,0,0,3,5,Putting the blocks in a vertical line 20cm long and 10cm below the blue bowl,1,0,0,0,0,0,1,0,
claude45,baseline,sighted_assist,L7,2,0,0,3,5,Putting the blocks in a vertical line 20cm long and 10cm below the blue bowl,1,0,0,0,0,0,1,0,
claude45,baseline,sighted_assist,L7,3,0,0,3,6,Putting the blocks in a vertical line 20cm long and 10cm below the blue bowl,1,0,0,0,0,0,1,0,
claude45,baseline,sighted_assist,L7,4,0,0,3,5,Arranging the blocks in a vertical line 20cm long and 10cm below the blue bowl,1,0,0,0,0,1,1,0,
claude45,baseline,sighted_assist,L7,5,0,0,3,5,Placing the blocks in a vertical line 20cm long and 10cm below the blue bowl,1,0,0,0,0,1,1,0,
claude45,baseline,sighted_assist,L8,1,0,0,2,11,Placing each block in a bowl with a non-matching color,0,0,0,0,0,1,1,0,
claude45,baseline,sighted_assist,L8,2,0,0,2,11,Placing blocks in bowls with non-matching colors,0,0,0,0,0,1,1,0,
claude45,baseline,sighted_assist,L8,3,0,0,2,11,Placing the blocks in bowls with non-matching colors,0,0,0,0,0,1,1,0,
claude45,baseline,sighted_assist,L8,4,0,0,2,11,Placing blocks in bowls with non-matching colors,0,0,0,0,0,1,1,0,
claude45,baseline,sighted_assist,L8,5,0,0,2,11,Placing blocks in bowls with non-matching colors,0,0,0,0,0,1,1,0,
claude45,baseline,sighted_assist,L9,1,0,0,8,9,Arranging the blocks in a square around the middle,0,0,1,0,0,1,1,0,
claude45,baseline,sighted_assist,L9,1,1,4,8,9,Making the square bigger,0,0,0,0,0,1,1,0,
claude45,baseline,sighted_assist,L9,2,0,0,8,9,Arranging the blocks in a square around the middle,0,0,1,0,0,1,1,0,
claude45,baseline,sighted_assist,L9,2,1,4,8,9,Making the square bigger,0,0,0,0,0,1,1,0,
claude45,baseline,sighted_assist,L9,3,0,0,8,9,Arranging the blocks in a square around the middle,0,0,1,0,0,1,1,0,
claude45,baseline,sighted_assist,L9,3,1,4,8,9,Making the square bigger,0,0,0,0,0,1,1,0,
claude45,baseline,sighted_assist,L9,4,0,0,8,9,Arranging the blocks in a square around the middle,0,0,1,0,0,1,1,0,
claude45,baseline,sighted_assist,L9,4,1,4,8,9,Making the square bigger,0,0,0,0,0,1,1,0,
claude45,baseline,sighted_assist,L9,5,0,0,8,9,Arranging the blocks in a square around the middle,0,0,1,0,0,1,1,0,
claude45,baseline,sighted_assist,L9,5,1,4,8,9,Making the square bigger,0,0,0,0,0,1,1,0,
claude45,baseline,sighted_assist,S10,1,0,0,1,2,Putting the bread in the bread bin,0,0,0,0,0,0,1,0,
claude45,baseline,sighted_assist,S10,2,0,0,1,2,Putting the bread in the bread bin,0,0,0,0,0,0,1,0,
claude45,baseline,sighted_assist,S10,3,0,0,1,2,Putting the bread in the bread bin,0,0,0,0,0,0,1,0,
claude45,baseline,sighted_assist,S10,4,0,0,1,2,Putting the bread in the bread bin,0,0,0,0,0,0,1,0,
claude45,baseline,sighted_assist,S10,5,0,0,1,2,Putting the bread in the bread bin,0,0,0,0,0,0,1,0,
claude45,baseline,sighted_assist,S11,1,0,0,1,4,Putting the red block to the left of the ,1,0,0,0,0,0,1,0,
claude45,baseline,sighted_assist,S11,2,0,0,1,4,Putting the red block to the left of the ,1,0,0,0,0,0,1,0,
claude45,baseline,sighted_assist,S11,3,0,0,1,4,Putting the red block to the left of the ,1,0,0,0,0,0,1,0,
claude45,baseline,sighted_assist,S11,4,0,0,1,4,Putting the red block to the left of the ,1,0,0,0,0,0,1,0,
claude45,baseline,sighted_assist,S11,5,0,0,1,4,Putting the red block to the left of the ,1,0,0,0,0,0,1,0,
claude45,baseline,sighted_assist,S1,1,0,0,1,2,Placing the red block on the green block,1,0,0,0,0,1,1,0,
claude45,baseline,sighted_assist,S1,2,0,0,1,2,Putting the red block on the green block,1,0,0,0,0,0,1,0,
claude45,baseline,sighted_assist,S1,3,0,0,1,2,Ok - putting the red block on the green block,1,0,0,0,0,0,1,0,
claude45,baseline,sighted_assist,S1,4,0,0,1,2,Putting the red block on the green block,1,0,0,0,0,0,1,0,
claude45,baseline,sighted_assist,S1,5,0,0,1,2,Ok - putting the red block on the green block,1,0,0,0,0,0,1,0,
claude45,baseline,sighted_assist,S2,1,0,0,1,3,Lifting the cube above its current position,1,0,0,0,0,1,1,0,
claude45,baseline,sighted_assist,S2,2,0,0,1,3,Lifting the cube above the table,1,0,1,0,0,1,1,0,
claude45,baseline,sighted_assist,S2,3,0,0,1,3,Lifting the cube above the table,1,0,1,0,0,1,1,0,
claude45,baseline,sighted_assist,S2,4,0,0,1,3,Lifting the cube above the table,1,0,1,0,0,1,1,0,
claude45,baseline,sighted_assist,S2,5,0,0,1,3,Lifting the cube above the table,1,0,1,0,0,1,1,0,
claude45,baseline,sighted_assist,S3,1,0,0,0,1,I don't see a purple block in the workspace,0,0,0,0,0,0,0,1,
claude45,baseline,sighted_assist,S3,2,0,0,0,1,I don't see a purple block in the workspace,0,0,0,0,0,0,0,1,
claude45,baseline,sighted_assist,S3,3,0,0,0,1,I don't see a purple block in the workspace,0,0,0,0,0,0,0,1,
claude45,baseline,sighted_assist,S3,4,0,0,0,1,I don't see a purple block,0,0,0,0,0,0,0,1,
claude45,baseline,sighted_assist,S3,5,0,0,0,1,I don't see a purple block in the workspace,0,0,0,0,0,0,0,1,
claude45,baseline,sighted_assist,S4,1,0,0,1,2,Putting the can in the can bin,1,0,0,0,0,0,1,0,
claude45,baseline,sighted_assist,S4,2,0,0,1,2,Putting the can in the can bin,1,0,0,0,0,0,1,0,
claude45,baseline,sighted_assist,S4,3,0,0,1,2,Putting the can in the can bin,1,0,0,0,0,0,1,0,
claude45,baseline,sighted_assist,S4,4,0,0,1,2,Ok - putting the can in the can bin,1,0,0,0,0,0,1,0,
claude45,baseline,sighted_assist,S4,5,0,0,1,2,Putting the can in the can bin,1,0,0,0,0,0,1,0,
claude45,baseline,sighted_assist,S5,1,0,0,1,2,Putting the cereal in the cereal bin,1,0,0,0,0,0,1,0,
claude45,baseline,sighted_assist,S5,2,0,0,1,2,Putting the cereal in the cereal bin,1,0,0,0,0,0,1,0,
claude45,baseline,sighted_assist,S5,3,0,0,1,2,Putting the cereal in the cereal bin,1,0,0,0,0,0,1,0,
claude45,baseline,sighted_assist,S5,4,0,0,1,2,Putting the cereal in the cereal bin,1,0,0,0,0,0,1,0,
claude45,baseline,sighted_assist,S5,5,0,0,1,2,Putting the cereal in the cereal bin,1,0,0,0,0,0,1,0,
claude45,baseline,sighted_assist,S6,1,0,0,1,3,Ok - moving the red block 5cm to the bottom,1,0,1,0,0,1,1,0,
claude45,baseline,sighted_assist,S6,2,0,0,1,3,Ok - moving the red block 5cm to the bottom,1,0,1,0,0,1,1,0,
claude45,baseline,sighted_assist,S6,3,0,0,1,3,Ok - moving the red block 5cm to the bottom,1,0,1,0,0,1,1,0,
claude45,baseline,sighted_assist,S6,4,0,0,1,3,Ok - moving the red block 5cm to the bottom,1,0,1,0,0,1,1,0,
claude45,baseline,sighted_assist,S6,5,0,0,1,3,Ok - moving the red block 5cm to the bottom,1,0,1,0,0,1,1,0,
claude45,baseline,sighted_assist,S7,1,0,0,1,4,Moving the blue block in between the red block and the ,1,0,0,0,0,1,1,0,
claude45,baseline,sighted_assist,S7,2,0,0,1,4,Moving the blue block in between the red block and the ,1,0,0,0,0,1,1,0,
claude45,baseline,sighted_assist,S7,3,0,0,1,4,Moving the blue block in between the red block and the ,1,0,0,0,0,1,1,0,
claude45,baseline,sighted_assist,S7,4,0,0,1,4,Moving the blue block in between the red block and the ,1,0,0,0,0,1,1,0,
claude45,baseline,sighted_assist,S7,5,0,0,1,4,Moving the blue block in between the red block and the ,1,0,0,0,0,1,1,0,
claude45,baseline,sighted_assist,S9,1,0,0,1,2,Putting the bread in the bread bin,1,0,0,0,0,0,1,0,
claude45,baseline,sighted_assist,S9,2,0,0,1,2,Putting the bread in the bread bin,1,0,0,0,0,0,1,0,
claude45,baseline,sighted_assist,S9,3,0,0,1,2,Putting the bread in the bread bin,1,0,0,0,0,0,1,0,
claude45,baseline,sighted_assist,S9,4,0,0,1,2,Putting the bread in the bread bin,1,0,0,0,0,0,1,0,
claude45,baseline,sighted_assist,S9,5,0,0,1,2,Putting the bread in the bread bin,1,0,0,0,0,0,1,0,
